{
	"info": {
		"_postman_id": "5c876a8d-ae12-4279-8f50-983a280c17df",
		"name": "summer-2024-training-backend",
		"schema": "https://schema.getpostman.com/json/collection/v2.1.0/collection.json",
		"_exporter_id": "36966669"
	},
	"item": [
		{
			"name": "Login",
			"request": {
				"method": "POST",
				"header": [],
				"body": {
					"mode": "raw",
					"raw": "{\r\n  \"username\": \"test_user\",\r\n  \"password\": \"test_password\"\r\n}\r\n",
					"options": {
						"raw": {
							"language": "json"
						}
					}
				},
				"url": {
					"raw": "http://localhost:5000/login?Content-Type=application/json",
					"protocol": "http",
					"host": [
						"localhost"
					],
					"port": "5000",
					"path": [
						"login"
					],
					"query": [
						{
							"key": "Content-Type",
							"value": "application/json"
						}
					]
				}
			},
			"response": []
		},
		{
			"name": "Create new user",
			"request": {
				"method": "POST",
				"header": [
					{
						"key": "Content-Type",
						"value": "application/json",
						"type": "text"
					}
				],
				"body": {
					"mode": "raw",
					"raw": "{\r\n    \"username\": \"new_user\",\r\n    \"password\": \"new_password\",\r\n    \"email\": \"new_user@example.com\",\r\n    \"role\": \"user\"\r\n}\r\n\r\n",
					"options": {
						"raw": {
							"language": "json"
						}
					}
				},
				"url": {
					"raw": "http://localhost:5000/users",
					"protocol": "http",
					"host": [
						"localhost"
					],
					"port": "5000",
					"path": [
						"users"
					]
				}
			},
			"response": []
		},
		{
			"name": "Get all users",
			"request": {
				"method": "GET",
				"header": [],
				"url": {
					"raw": "http://localhost:5000/users",
					"protocol": "http",
					"host": [
						"localhost"
					],
					"port": "5000",
					"path": [
						"users"
					]
				}
			},
			"response": []
		},
		{
			"name": "Get specific user",
			"request": {
				"method": "GET",
				"header": [],
				"url": {
					"raw": "http://localhost:5000/users/7",
					"protocol": "http",
					"host": [
						"localhost"
					],
					"port": "5000",
					"path": [
						"users",
						"7"
					]
				}
			},
			"response": []
		},
		{
			"name": "Update a user",
			"request": {
				"method": "PUT",
				"header": [
					{
						"key": "Content-Type",
						"value": "application/json",
						"type": "text"
					}
				],
				"body": {
					"mode": "raw",
					"raw": "{\r\n    \"username\": \"Roaa\",\r\n    \"email\": \"Roaa@example.com\",\r\n    \"role\": \"admin\"\r\n}\r\n",
					"options": {
						"raw": {
							"language": "json"
						}
					}
				},
				"url": {
					"raw": "http://localhost:5000/users/7",
					"protocol": "http",
					"host": [
						"localhost"
					],
					"port": "5000",
					"path": [
						"users",
						"7"
					]
				}
			},
			"response": []
		},
		{
			"name": "Delete a user",
			"request": {
				"method": "DELETE",
				"header": [],
				"url": {
					"raw": "http://localhost:5000/users/18",
					"protocol": "http",
					"host": [
						"localhost"
					],
					"port": "5000",
					"path": [
						"users",
						"18"
					]
				}
			},
			"response": []
		},
		{
			"name": "Create a device",
			"request": {
				"method": "POST",
				"header": [
					{
						"key": "Content-Type",
						"value": "application/json",
						"type": "text"
					}
				],
				"body": {
					"mode": "raw",
					"raw": "{\r\n  \"device_name\": \"ENV Node3\",\r\n  \"device_type\": \"Sensor\",\r\n  \"user_id\": 21,\r\n  \"created_at\": \"2024-07-18T01:36:29.28412\",\r\n  \"updated_at\": \"2024-07-18T01:36:29.28412\"\r\n}\r\n\r\n",
					"options": {
						"raw": {
							"language": "json"
						}
					}
				},
				"url": {
					"raw": "http://localhost:5000/devices",
					"protocol": "http",
					"host": [
						"localhost"
					],
					"port": "5000",
					"path": [
						"devices"
					]
				}
			},
			"response": []
		},
		{
			"name": "Get all devices",
			"request": {
				"method": "GET",
				"header": [],
				"url": {
					"raw": "http://localhost:5000/devices",
					"protocol": "http",
					"host": [
						"localhost"
					],
					"port": "5000",
					"path": [
						"devices"
					]
				}
			},
			"response": []
		},
		{
			"name": "Get a specific device",
			"request": {
				"method": "GET",
				"header": [],
				"url": {
					"raw": "http://localhost:5000/devices/2",
					"protocol": "http",
					"host": [
						"localhost"
					],
					"port": "5000",
					"path": [
						"devices",
						"2"
					]
				}
			},
			"response": []
		},
		{
			"name": "Update a device",
			"request": {
				"method": "PUT",
				"header": [
					{
						"key": "Content-Type",
						"value": "application/json",
						"type": "text"
					}
				],
				"body": {
					"mode": "raw",
					"raw": "{\r\n\"device_name\": \"ENV Node5\"\r\n}\r\n",
					"options": {
						"raw": {
							"language": "json"
						}
					}
				},
				"url": {
					"raw": "http://localhost:5000/devices/7",
					"protocol": "http",
					"host": [
						"localhost"
					],
					"port": "5000",
					"path": [
						"devices",
						"7"
					]
				}
			},
			"response": []
		},
		{
			"name": "Delete a device",
			"request": {
				"method": "DELETE",
				"header": [],
				"url": {
					"raw": "http://localhost:5000/devices/7",
					"protocol": "http",
					"host": [
						"localhost"
					],
					"port": "5000",
					"path": [
						"devices",
						"7"
					]
				}
			},
			"response": []
		},
		{
			"name": "Get TimeSeries Data for a Device",
			"request": {
				"method": "GET",
				"header": [],
				"url": {
					"raw": "http://localhost:5000/devices/ENV Node1/data?search_start_date=2024-07-01T00:00:00&search_end_date=2024-07-18T23:59:59",
					"protocol": "http",
					"host": [
						"localhost"
					],
					"port": "5000",
					"path": [
						"devices",
						"ENV Node1",
						"data"
					],
					"query": [
						{
							"key": "search_start_date",
							"value": "2024-07-01T00:00:00"
						},
						{
							"key": "search_end_date",
							"value": "2024-07-18T23:59:59"
						}
					]
				}
			},
			"response": []
		},
		{
			"name": "Get LatestData for a Device",
			"request": {
				"method": "GET",
				"header": [],
				"url": {
					"raw": "http://localhost:5000/devices/ENV Node2/latest",
					"protocol": "http",
					"host": [
						"localhost"
					],
					"port": "5000",
					"path": [
						"devices",
						"ENV Node2",
						"latest"
					]
				}
			},
			"response": []
		},
		{
			"name": "Post device telemetry",
			"request": {
				"method": "POST",
				"header": [
					{
						"key": "Content-Type",
						"value": "application/json",
						"type": "text"
					}
				],
				"body": {
					"mode": "raw",
					"raw": "{\r\n    \"device_id\": 1,\r\n    \"temperature\": 22.5,\r\n    \"humidity\": 60\r\n}\r\n",
					"options": {
						"raw": {
							"language": "json"
						}
					}
				},
				"url": {
					"raw": "http://localhost:5000/devices/telemetry",
					"protocol": "http",
					"host": [
						"localhost"
					],
					"port": "5000",
					"path": [
						"devices",
						"telemetry"
					]
				}
			},
			"response": []
		},
		{
			"name": "Test GET API with path parameter",
			"protocolProfileBehavior": {
				"disableBodyPruning": true
			},
			"request": {
				"method": "GET",
				"header": [],
				"body": {
					"mode": "raw",
					"raw": "",
					"options": {
						"raw": {
							"language": "json"
						}
					}
				},
				"url": {
					"raw": "http://localhost:5000/get-api-test/somepathparameter",
					"protocol": "http",
					"host": [
						"localhost"
					],
					"port": "5000",
					"path": [
						"get-api-test",
						"somepathparameter"
					]
				}
			},
			"response": []
		},
		{
			"name": "Test POST API",
			"request": {
				"method": "POST",
				"header": [
					{
						"key": "Content-Type",
						"value": "application/json",
						"type": "text"
					}
				],
				"body": {
					"mode": "raw",
					"raw": "{\r\n    \"test_key\": \"test_value\"\r\n}\r\n",
					"options": {
						"raw": {
							"language": "json"
						}
					}
				},
				"url": {
					"raw": "http://localhost:5000/post-api-test",
					"protocol": "http",
					"host": [
						"localhost"
					],
					"port": "5000",
					"path": [
						"post-api-test"
					]
				}
			},
			"response": []
		}
	],
	"event": [
		{
			"listen": "prerequest",
			"script": {
				"type": "text/javascript",
				"packages": {},
				"exec": [
					""
				]
			}
		},
		{
			"listen": "test",
			"script": {
				"type": "text/javascript",
				"packages": {},
				"exec": [
					""
				]
			}
		}
	],
	"variable": [
		{
			"key": "hostname",
			"value": "http://localhost:5000",
			"type": "string"
		}
	]
}